Id,Name,Email,Gender,Status,Updated at,Updated at
64688108bcb98706f138da51,Bilva Dubashi,dubashi_bilva@sawayn.test,female,active,Sat May 20 2023 13:42:56 GMT+0530 (India Standard Time),Sat May 20 2023 16:57:48 GMT+0530 (India Standard Time)
64688108bcb98706f138da52,Dev Prajapat,dev_prajapat@harvey-bruen.example,male,inactive,Sat May 20 2023 13:42:56 GMT+0530 (India Standard Time),Sat May 20 2023 13:42:56 GMT+0530 (India Standard Time)
64688108bcb98706f138da53,Arun Reddy,reddy_arun@mueller.example,male,active,Sat May 20 2023 13:42:56 GMT+0530 (India Standard Time),Sat May 20 2023 13:42:56 GMT+0530 (India Standard Time)
64688108bcb98706f138da54,Akshat Bharadwaj,bharadwaj_akshat@kub-pouros.test,male,active,Sat May 20 2023 13:42:56 GMT+0530 (India Standard Time),Sat May 20 2023 13:42:56 GMT+0530 (India Standard Time)
64688108bcb98706f138da55,Achalesvara Panicker,achalesvara_panicker@weber.example,male,active,Sat May 20 2023 13:42:56 GMT+0530 (India Standard Time),Sat May 20 2023 13:42:56 GMT+0530 (India Standard Time)
64688108bcb98706f138da56,Lai Deshpande DVM,lai_deshpande_dvm@wisoky-rowe.example,female,inactive,Sat May 20 2023 13:42:56 GMT+0530 (India Standard Time),Sat May 20 2023 13:42:56 GMT+0530 (India Standard Time)
64688108bcb98706f138da57,Dr. Daevika Johar,daevika_dr_johar@jacobson-runolfsdottir.test,female,inactive,Sat May 20 2023 13:42:56 GMT+0530 (India Standard Time),Sat May 20 2023 13:42:56 GMT+0530 (India Standard Time)
64688108bcb98706f138da58,Gandharva Gill JD,gandharva_jd_gill@hand-mclaughlin.example,female,active,Sat May 20 2023 13:42:56 GMT+0530 (India Standard Time),Sat May 20 2023 13:42:56 GMT+0530 (India Standard Time)
64688108bcb98706f138da59,Anwesha Mukhopadhyay,anwesha_mukhopadhyay@beatty-nienow.example,male,inactive,Sat May 20 2023 13:42:56 GMT+0530 (India Standard Time),Sat May 20 2023 13:42:56 GMT+0530 (India Standard Time)
64688108bcb98706f138da5a,Bhadra Banerjee,bhadra_banerjee@hirthe-miller.example,male,inactive,Sat May 20 2023 13:42:56 GMT+0530 (India Standard Time),Sat May 20 2023 13:42:56 GMT+0530 (India Standard Time)
